Model,Val_Accuracy,Val_F1,CV_F1_Mean,CV_F1_Std
RandomForest,0.9136842105263158,0.8498168498168498,0.8369983803622609,0.029515255766769593
LogisticRegression,0.9052631578947369,0.8421052631578947,0.8352892574494118,0.026848211247895805
XGBoost,0.8926315789473684,0.8222996515679443,0.8360686587348004,0.027778079498122214
MultinomialNB,0.8673684210526316,0.7428571428571429,0.7631488699867908,0.02851676766063163
