Model,Val_Accuracy,Val_F1,CV_F1_Mean,CV_F1_Std
LogisticRegression,0.9073684210526316,0.8461538461538461,0.836971268548879,0.027841214899684767
RandomForest,0.9010526315789473,0.8290909090909091,0.8264541849755845,0.027922281326532437
XGBoost,0.888421052631579,0.8166089965397924,0.8422216796684578,0.02814241419935298
MultinomialNB,0.8610526315789474,0.7295081967213115,0.7603174206624169,0.026120059020731716
