Model,Val_Accuracy,Val_F1,CV_F1_Mean,CV_F1_Std
RandomForest,0.9031578947368422,0.8357142857142857,0.8305050943036771,0.026011419326975198
LogisticRegression,0.8968421052631579,0.8316151202749141,0.8289346286649628,0.02955720620560006
XGBoost,0.8821052631578947,0.8055555555555556,0.8205728351844683,0.025764225814154024
MultinomialNB,0.8610526315789474,0.725,0.7532558762131284,0.02990430879338683
