Model,Accuracy,F1
RandomForest,0.8861959957850368,0.7898832684824902
LogisticRegression,0.8819810326659642,0.7751004016064257
MultinomialNB,0.8777660695468915,0.7670682730923695
