Model,Accuracy,F1,CV_F1_Mean,CV_F1_Std
RandomForest,0.9125395152792413,0.8556521739130435,0.8346378064038644,0.007663415955778367
LogisticRegression,0.9072708113804004,0.8513513513513513,0.8360901293956416,0.013259004736948542
XGBoost,0.9072708113804004,0.8508474576271187,0.8301194024435301,0.012301753912825068
MultinomialNB,0.8703898840885143,0.7611650485436893,0.7621791512330769,0.017197819524945333
